source_node,target_node,number_of_removed_directed_edges,mean_removed_edge_distance_A,baseline_prediction,edge_removed_prediction,signed_output_change,absolute_output_change
53,72,2,2.49428129196167,0.15600550174713135,0.15564602613449097,-0.00035947561264038086,0.00035947561264038086
49,72,2,2.494279146194458,0.15600550174713135,0.15564602613449097,-0.00035947561264038086,0.00035947561264038086
37,72,2,2.4942808151245117,0.15600550174713135,0.15564602613449097,-0.00035947561264038086,0.00035947561264038086
23,72,2,2.11614727973938,0.15600550174713135,0.156286358833313,0.0002808570861816406,0.0002808570861816406
35,72,2,2.116149425506592,0.15600550174713135,0.1562863439321518,0.0002808421850204468,0.0002808421850204468
19,72,2,2.11614990234375,0.15600550174713135,0.1562863439321518,0.0002808421850204468,0.0002808421850204468
12,72,2,2.4086103439331055,0.15600550174713135,0.1562701165676117,0.0002646148204803467,0.0002646148204803467
16,72,2,2.4086127281188965,0.15600550174713135,0.1562701165676117,0.0002646148204803467,0.0002646148204803467
0,72,2,2.4086122512817383,0.15600550174713135,0.1562701165676117,0.0002646148204803467,0.0002646148204803467
1,37,2,1.9566494226455688,0.15600550174713135,0.15618160367012024,0.0001761019229888916,0.0001761019229888916
13,49,2,1.9566494226455688,0.15600550174713135,0.15618160367012024,0.0001761019229888916,0.0001761019229888916
17,53,2,1.9566494226455688,0.15600550174713135,0.15618160367012024,0.0001761019229888916,0.0001761019229888916
58,72,2,2.0552587509155273,0.15600550174713135,0.1558450162410736,-0.00016048550605773926,0.00016048550605773926
54,72,2,2.0552616119384766,0.15600550174713135,0.1558450162410736,-0.00016048550605773926,0.00016048550605773926
70,72,2,2.0552611351013184,0.15600550174713135,0.1558450162410736,-0.00016048550605773926,0.00016048550605773926
25,37,2,1.9490379095077515,0.15600550174713135,0.15616342425346375,0.00015792250633239746,0.00015792250633239746
33,53,2,1.9490385055541992,0.15600550174713135,0.15616340935230255,0.0001579076051712036,0.0001579076051712036
31,49,2,1.9490433931350708,0.15600550174713135,0.15616340935230255,0.0001579076051712036,0.0001579076051712036
35,70,2,1.9566494226455688,0.15600550174713135,0.15585418045520782,-0.00015132129192352295,0.00015132129192352295
23,58,2,1.9566494226455688,0.15600550174713135,0.15585418045520782,-0.00015132129192352295,0.00015132129192352295
19,54,2,1.9566494226455688,0.15600550174713135,0.15585419535636902,-0.0001513063907623291,0.0001513063907623291
16,52,2,1.9566494226455688,0.15600550174713135,0.1561385989189148,0.00013309717178344727,0.00013309717178344727
0,36,2,1.9566494226455688,0.15600550174713135,0.1561385989189148,0.00013309717178344727,0.00013309717178344727
12,48,2,1.9566494226455688,0.15600550174713135,0.1561385840177536,0.00013308227062225342,0.00013308227062225342
16,68,2,1.9490385055541992,0.15600550174713135,0.1561320275068283,0.00012652575969696045,0.00012652575969696045
12,66,2,1.9490433931350708,0.15600550174713135,0.15613201260566711,0.0001265108585357666,0.0001265108585357666
0,60,2,1.9490379095077515,0.15600550174713135,0.15613201260566711,0.0001265108585357666,0.0001265108585357666
35,53,2,1.9490433931350708,0.15600550174713135,0.15589958429336548,-0.00010591745376586914,0.00010591745376586914
19,37,2,1.9490433931350708,0.15600550174713135,0.15589958429336548,-0.00010591745376586914,0.00010591745376586914
23,37,2,1.9490385055541992,0.15600550174713135,0.15589959919452667,-0.00010590255260467529,0.00010590255260467529
23,53,2,1.9490379095077515,0.15600550174713135,0.15589959919452667,-0.00010590255260467529,0.00010590255260467529
19,49,2,1.9490379095077515,0.15600550174713135,0.15589959919452667,-0.00010590255260467529,0.00010590255260467529
35,49,2,1.9490385055541992,0.15600550174713135,0.15589959919452667,-0.00010590255260467529,0.00010590255260467529
10,70,2,1.9490379095077515,0.15600550174713135,0.15590301156044006,-0.00010249018669128418,0.00010249018669128418
4,58,2,1.9490433931350708,0.15600550174713135,0.15590301156044006,-0.00010249018669128418,0.00010249018669128418
2,54,2,1.9490385055541992,0.15600550174713135,0.15590301156044006,-0.00010249018669128418,0.00010249018669128418
12,54,2,1.9490379095077515,0.15600550174713135,0.15610487759113312,9.937584400177002e-05,9.937584400177002e-05
0,54,2,1.9490433931350708,0.15600550174713135,0.15610487759113312,9.937584400177002e-05,9.937584400177002e-05
16,58,2,1.9490379095077515,0.15600550174713135,0.15610486268997192,9.936094284057617e-05,9.936094284057617e-05
12,70,2,1.9490385055541992,0.15600550174713135,0.15610486268997192,9.936094284057617e-05,9.936094284057617e-05
0,58,2,1.9490385055541992,0.15600550174713135,0.15610486268997192,9.936094284057617e-05,9.936094284057617e-05
16,70,2,1.9490433931350708,0.15600550174713135,0.15610486268997192,9.936094284057617e-05,9.936094284057617e-05
23,41,2,1.9490433931350708,0.15600550174713135,0.15592828392982483,-7.721781730651855e-05,7.721781730651855e-05
35,47,2,1.9490379095077515,0.15600550174713135,0.15592828392982483,-7.721781730651855e-05,7.721781730651855e-05
19,39,2,1.9490385055541992,0.15600550174713135,0.15592829883098602,-7.720291614532471e-05,7.720291614532471e-05
33,45,2,1.9490379095077515,0.15600550174713135,0.15605655312538147,5.105137825012207e-05,5.105137825012207e-05
31,51,2,1.9490385055541992,0.15600550174713135,0.15605655312538147,5.105137825012207e-05,5.105137825012207e-05
25,45,2,1.9490385055541992,0.15600550174713135,0.15605655312538147,5.105137825012207e-05,5.105137825012207e-05
25,43,2,1.9490433931350708,0.15600550174713135,0.15605655312538147,5.105137825012207e-05,5.105137825012207e-05
31,43,2,1.9490379095077515,0.15600550174713135,0.15605653822422028,5.103647708892822e-05,5.103647708892822e-05
33,51,2,1.9490433931350708,0.15600550174713135,0.15605653822422028,5.103647708892822e-05,5.103647708892822e-05
14,68,2,1.9490433931350708,0.15600550174713135,0.15601792931556702,1.2427568435668945e-05,1.2427568435668945e-05
8,68,2,1.9490379095077515,0.15600550174713135,0.15601792931556702,1.2427568435668945e-05,1.2427568435668945e-05
8,60,2,1.9490385055541992,0.15600550174713135,0.15601791441440582,1.2412667274475098e-05,1.2412667274475098e-05
6,66,2,1.9490379095077515,0.15600550174713135,0.15601791441440582,1.2412667274475098e-05,1.2412667274475098e-05
6,60,2,1.9490433931350708,0.15600550174713135,0.15601791441440582,1.2412667274475098e-05,1.2412667274475098e-05
14,66,2,1.9490385055541992,0.15600550174713135,0.15601789951324463,1.239776611328125e-05,1.239776611328125e-05
33,68,2,1.9566494226455688,0.15600550174713135,0.15601326525211334,7.763504981994629e-06,7.763504981994629e-06
31,66,2,1.9566494226455688,0.15600550174713135,0.15601325035095215,7.748603820800781e-06,7.748603820800781e-06
25,60,2,1.9566494226455688,0.15600550174713135,0.15601325035095215,7.748603820800781e-06,7.748603820800781e-06
17,69,2,1.9490385055541992,0.15600550174713135,0.15601232647895813,6.8247318267822266e-06,6.8247318267822266e-06
1,55,2,1.9490433931350708,0.15600550174713135,0.15601232647895813,6.8247318267822266e-06,6.8247318267822266e-06
1,61,2,1.9490379095077515,0.15600550174713135,0.15601231157779694,6.809830665588379e-06,6.809830665588379e-06
13,67,2,1.9490433931350708,0.15600550174713135,0.15601231157779694,6.809830665588379e-06,6.809830665588379e-06
13,71,2,1.9490385055541992,0.15600550174713135,0.15601231157779694,6.809830665588379e-06,6.809830665588379e-06
13,55,2,1.9490379095077515,0.15600550174713135,0.15601231157779694,6.809830665588379e-06,6.809830665588379e-06
17,71,2,1.9490433931350708,0.15600550174713135,0.15601231157779694,6.809830665588379e-06,6.809830665588379e-06
17,59,2,1.9490379095077515,0.15600550174713135,0.15601231157779694,6.809830665588379e-06,6.809830665588379e-06
1,59,2,1.9490385055541992,0.15600550174713135,0.15601231157779694,6.809830665588379e-06,6.809830665588379e-06
2,38,2,1.9566494226455688,0.15600550174713135,0.15601223707199097,6.735324859619141e-06,6.735324859619141e-06
10,46,2,1.9566494226455688,0.15600550174713135,0.15601222217082977,6.720423698425293e-06,6.720423698425293e-06
4,40,2,1.9566494226455688,0.15600550174713135,0.15601222217082977,6.720423698425293e-06,6.720423698425293e-06
2,56,2,1.9490433931350708,0.15600550174713135,0.15601205825805664,6.556510925292969e-06,6.556510925292969e-06
4,64,2,1.9490379095077515,0.15600550174713135,0.15601205825805664,6.556510925292969e-06,6.556510925292969e-06
4,56,2,1.9490385055541992,0.15600550174713135,0.15601205825805664,6.556510925292969e-06,6.556510925292969e-06
2,62,2,1.9490379095077515,0.15600550174713135,0.15601205825805664,6.556510925292969e-06,6.556510925292969e-06
10,64,2,1.9490433931350708,0.15600550174713135,0.15601205825805664,6.556510925292969e-06,6.556510925292969e-06
10,62,2,1.9490385055541992,0.15600550174713135,0.15601205825805664,6.556510925292969e-06,6.556510925292969e-06
22,36,2,1.9490385055541992,0.15600550174713135,0.15600696206092834,1.4603137969970703e-06,1.4603137969970703e-06
34,48,2,1.9490385055541992,0.15600550174713135,0.15600694715976715,1.4454126358032227e-06,1.4454126358032227e-06
34,52,2,1.9490433931350708,0.15600550174713135,0.15600693225860596,1.430511474609375e-06,1.430511474609375e-06
22,52,2,1.9490379095077515,0.15600550174713135,0.15600693225860596,1.430511474609375e-06,1.430511474609375e-06
18,48,2,1.9490379095077515,0.15600550174713135,0.15600693225860596,1.430511474609375e-06,1.430511474609375e-06
18,36,2,1.9490433931350708,0.15600550174713135,0.15600693225860596,1.430511474609375e-06,1.430511474609375e-06
32,52,2,1.9490385055541992,0.15600550174713135,0.1560067981481552,1.296401023864746e-06,1.296401023864746e-06
24,36,2,1.9490379095077515,0.15600550174713135,0.1560067981481552,1.296401023864746e-06,1.296401023864746e-06
30,48,2,1.9490433931350708,0.15600550174713135,0.1560067981481552,1.296401023864746e-06,1.296401023864746e-06
3,39,2,1.9566494226455688,0.15600550174713135,0.15600448846817017,-1.0132789611816406e-06,1.0132789611816406e-06
11,47,2,1.9566494226455688,0.15600550174713135,0.15600448846817017,-1.0132789611816406e-06,1.0132789611816406e-06
5,41,2,1.9566494226455688,0.15600550174713135,0.15600448846817017,-1.0132789611816406e-06,1.0132789611816406e-06
29,41,2,1.9490379095077515,0.15600550174713135,0.15600457787513733,-9.238719940185547e-07,9.238719940185547e-07
27,39,2,1.9490379095077515,0.15600550174713135,0.15600457787513733,-9.238719940185547e-07,9.238719940185547e-07
21,41,2,1.9490385055541992,0.15600550174713135,0.15600457787513733,-9.238719940185547e-07,9.238719940185547e-07
21,39,2,1.9490433931350708,0.15600550174713135,0.15600457787513733,-9.238719940185547e-07,9.238719940185547e-07
27,47,2,1.9490385055541992,0.15600550174713135,0.15600457787513733,-9.238719940185547e-07,9.238719940185547e-07
8,44,2,1.9566494226455688,0.15600550174713135,0.15600457787513733,-9.238719940185547e-07,9.238719940185547e-07
29,47,2,1.9490433931350708,0.15600550174713135,0.15600457787513733,-9.238719940185547e-07,9.238719940185547e-07
6,42,2,1.9566494226455688,0.15600550174713135,0.15600459277629852,-9.08970832824707e-07,9.08970832824707e-07
6,64,2,1.9490385055541992,0.15600550174713135,0.15600460767745972,-8.940696716308594e-07,8.940696716308594e-07
14,56,2,1.9490379095077515,0.15600550174713135,0.15600460767745972,-8.940696716308594e-07,8.940696716308594e-07
14,50,2,1.9566494226455688,0.15600550174713135,0.15600460767745972,-8.940696716308594e-07,8.940696716308594e-07
8,62,2,1.9490433931350708,0.15600550174713135,0.15600460767745972,-8.940696716308594e-07,8.940696716308594e-07
22,59,2,1.9566494226455688,0.15600550174713135,0.1560048907995224,-6.109476089477539e-07,6.109476089477539e-07
34,71,2,1.9566494226455688,0.15600550174713135,0.1560048907995224,-6.109476089477539e-07,6.109476089477539e-07
18,55,2,1.9566494226455688,0.15600550174713135,0.1560049057006836,-5.960464477539062e-07,5.960464477539062e-07
18,38,2,1.9490385055541992,0.15600550174713135,0.1560049206018448,-5.811452865600586e-07,5.811452865600586e-07
22,40,2,1.9490433931350708,0.15600550174713135,0.15600493550300598,-5.662441253662109e-07,5.662441253662109e-07
34,46,2,1.9490379095077515,0.15600550174713135,0.15600493550300598,-5.662441253662109e-07,5.662441253662109e-07
27,62,2,1.9566494226455688,0.15600550174713135,0.15600602328777313,5.21540641784668e-07,5.21540641784668e-07
29,64,2,1.9566494226455688,0.15600550174713135,0.15600600838661194,5.066394805908203e-07,5.066394805908203e-07
29,43,2,1.9490385055541992,0.15600550174713135,0.15600600838661194,5.066394805908203e-07,5.066394805908203e-07
21,51,2,1.9490379095077515,0.15600550174713135,0.15600600838661194,5.066394805908203e-07,5.066394805908203e-07
27,45,2,1.9490433931350708,0.15600550174713135,0.15600600838661194,5.066394805908203e-07,5.066394805908203e-07
21,56,2,1.9566494226455688,0.15600550174713135,0.15600600838661194,5.066394805908203e-07,5.066394805908203e-07
24,44,2,1.9490385055541992,0.15600550174713135,0.1560056507587433,1.4901161193847656e-07,1.4901161193847656e-07
24,42,2,1.9490433931350708,0.15600550174713135,0.1560056507587433,1.4901161193847656e-07,1.4901161193847656e-07
32,44,2,1.9490379095077515,0.15600550174713135,0.1560056507587433,1.4901161193847656e-07,1.4901161193847656e-07
30,50,2,1.9490385055541992,0.15600550174713135,0.1560056507587433,1.4901161193847656e-07,1.4901161193847656e-07
32,50,2,1.9490433931350708,0.15600550174713135,0.1560056507587433,1.4901161193847656e-07,1.4901161193847656e-07
32,69,2,1.9566494226455688,0.15600550174713135,0.1560056507587433,1.4901161193847656e-07,1.4901161193847656e-07
30,67,2,1.9566494226455688,0.15600550174713135,0.1560056507587433,1.4901161193847656e-07,1.4901161193847656e-07
24,61,2,1.9566494226455688,0.15600550174713135,0.1560056507587433,1.4901161193847656e-07,1.4901161193847656e-07
30,42,2,1.9490379095077515,0.15600550174713135,0.1560056358575821,1.341104507446289e-07,1.341104507446289e-07
3,55,2,1.9490385055541992,0.15600550174713135,0.1560056209564209,1.1920928955078125e-07,1.1920928955078125e-07
3,63,2,1.9490379095077515,0.15600550174713135,0.1560056060552597,1.043081283569336e-07,1.043081283569336e-07
5,59,2,1.9490433931350708,0.15600550174713135,0.1560056060552597,1.043081283569336e-07,1.043081283569336e-07
5,65,2,1.9490379095077515,0.15600550174713135,0.1560056060552597,1.043081283569336e-07,1.043081283569336e-07
5,57,2,1.9490385055541992,0.15600550174713135,0.1560056060552597,1.043081283569336e-07,1.043081283569336e-07
11,65,2,1.9490433931350708,0.15600550174713135,0.1560056060552597,1.043081283569336e-07,1.043081283569336e-07
11,63,2,1.9490385055541992,0.15600550174713135,0.1560056060552597,1.043081283569336e-07,1.043081283569336e-07
3,57,2,1.9490433931350708,0.15600550174713135,0.1560055911540985,8.940696716308594e-08,8.940696716308594e-08
11,71,2,1.9490379095077515,0.15600550174713135,0.1560055911540985,8.940696716308594e-08,8.940696716308594e-08
9,63,2,1.9490433931350708,0.15600550174713135,0.15600548684597015,-1.4901161193847656e-08,1.4901161193847656e-08
9,61,2,1.9490385055541992,0.15600550174713135,0.15600551664829254,1.4901161193847656e-08,1.4901161193847656e-08
7,67,2,1.9490379095077515,0.15600550174713135,0.15600550174713135,0.0,0.0
7,61,2,1.9490433931350708,0.15600550174713135,0.15600550174713135,0.0,0.0
7,65,2,1.9490385055541992,0.15600550174713135,0.15600550174713135,0.0,0.0
7,43,2,1.9566494226455688,0.15600550174713135,0.15600550174713135,0.0,0.0
9,45,2,1.9566494226455688,0.15600550174713135,0.15600550174713135,0.0,0.0
9,69,2,1.9490379095077515,0.15600550174713135,0.15600550174713135,0.0,0.0
20,50,2,1.9490379095077515,0.15600550174713135,0.15600550174713135,0.0,0.0
20,38,2,1.9490433931350708,0.15600550174713135,0.15600550174713135,0.0,0.0
20,40,2,1.9490385055541992,0.15600550174713135,0.15600550174713135,0.0,0.0
20,57,2,1.9566494226455688,0.15600550174713135,0.15600550174713135,0.0,0.0
15,57,2,1.9490379095077515,0.15600550174713135,0.15600550174713135,0.0,0.0
15,51,2,1.9566494226455688,0.15600550174713135,0.15600550174713135,0.0,0.0
15,67,2,1.9490385055541992,0.15600550174713135,0.15600550174713135,0.0,0.0
15,69,2,1.9490433931350708,0.15600550174713135,0.15600550174713135,0.0,0.0
28,65,2,1.9566494226455688,0.15600550174713135,0.15600550174713135,0.0,0.0
28,40,2,1.9490379095077515,0.15600550174713135,0.15600550174713135,0.0,0.0
28,46,2,1.9490433931350708,0.15600550174713135,0.15600550174713135,0.0,0.0
28,42,2,1.9490385055541992,0.15600550174713135,0.15600550174713135,0.0,0.0
26,46,2,1.9490385055541992,0.15600550174713135,0.15600550174713135,0.0,0.0
26,44,2,1.9490433931350708,0.15600550174713135,0.15600550174713135,0.0,0.0
26,38,2,1.9490379095077515,0.15600550174713135,0.15600550174713135,0.0,0.0
26,63,2,1.9566494226455688,0.15600550174713135,0.15600550174713135,0.0,0.0
